#DELETED-11/08/22#bill_all	all	(Bill_gmail,Bill_kent)
#DELETED-11/08/22#		
#DELETED-11/08/22#		
#DELETED-11/08/22#		
#DELETED-11/08/22#Audrey	Claude, Audrey	Audrey Claude <audrey_6@msn.com>		This is
 : a student will have her make up labs with Caio
#DELETED-11/08/22#Caio	Caio Licciardi	caio.licciardi@gmail.com
#DELETED-11/08/22#Drew	Drew Weisenberger	dre@jlab.org
#DELETED-11/08/22#Garth	Dr. Garth Huber	huberg@uregina.ca
#DELETED-11/08/22#Dr.Barbi	Dr. Mauricio Barbi	barbi@uregina.ca
#DELETED-11/08/22#Howard	Howard Fenker	hcf@jlab.org
#DELETED-11/08/22#Jacqui	Jacqui Lockert	Jacqui.Lockert@uregina.ca
#DELETED-11/08/22#John	Jorgensen, John	John Jorgensen <jorgnsn@cs.uregina.ca>		Gridiron
 : server root
#DELETED-11/08/22#Lee	Lee Sichello	leesichello@gmail.com		collegue, U of
 : R
#DELETED-11/08/22#Dan	MacQueen, Dan	Dan MacQueen <Dan.MacQueen@uregina.ca>		Lab instructor
#DELETED-11/08/22#Mehrnoosh	Mehrnoosh	mehrnoosh.ta@gmail.com
#DELETED-11/08/22#chantel	Morrison, Chantel	Chantel Morrison <chantel.morrison@sasktel.sk.ca>
#DELETED-11/08/22#chantel	Morrison, Chantel	Chantel Morrison <chantel.morrison@sasktel.sk.ca>
#DELETED-11/08/22#pierre	Ouimet, Pierre	Pierre Ouimet <ouimet1p@uregina.ca>
#DELETED-11/08/22#spanzer	Spanzer Giffin	giffin2s@uregina.ca
#DELETED-11/08/22#shuan	Szymanski, Shaun	Shaun Szymanski <szymanss@uregina.ca>		lab instructor
#DELETED-11/08/22#wenliang1985	Wenliang li	liwenliang19850629@gmail.com
#DELETED-11/08/22#Bill_gmail	Wenliang Li	wenliang.billlee@gmail.com
#DELETED-11/08/22#wenliangUofR	wenliang li at University of Regina	li479@uregina.ca
accommodation	accomm	accomm <accomm@kent.ac.uk>
Brad	Brad Sawatzky	brads@jlab.org
Brian	Brian Kross	kross@jlab.org
Caio	Caio Licciardi	caio.licciardi@gmail.com
Carl	Carl Zorn	zorn@jlab.org
Audrey	Claude, Audrey	Audrey Claude <audrey_6@msn.com>		This is a student
 : will have her make up labs with Caio
Misha	Denissenya, Mikhail	Mikhail Denissenya <mikhail.denissenya@gmail.com>
Derek	Derek Gervais	gervaide@uregina.ca
Donal	Donal Day	dbd@virginia.edu
Drew	Drew Weisenberger	dre@jlab.org
Garth	Dr. Garth Huber	huberg@uregina.ca
George	Dr George Dobre	G.Dobre@kent.ac.uk
Jinqi	Dr J.Miao	"J.Miao" <J.Miao@kent.ac.uk>
Dr.Barbi	Dr. Mauricio Barbi	barbi@uregina.ca
Hazel	H.Lander	"H.Lander" <H.Lander@kent.ac.uk>
Howaed	Howard Fenker	hcf@jlab.org
Jacqui	Jacqui Lockert	Jacqui.Lockert@uregina.ca
John	Jorgensen, John	John Jorgensen <jorgnsn@cs.uregina.ca>		Gridiron server
 : root
Lee	Lee Sichello	leesichello@gmail.com		collegue, U of R
Dan	MacQueen, Dan	Dan MacQueen <Dan.MacQueen@uregina.ca>		Lab instructor
Mehrnoosh	Mehrnoosh	mehrnoosh.ta@gmail.com
pierre	Ouimet, Pierre	Pierre Ouimet <ouimet1p@uregina.ca>
zisis	Papandreou, Zisis	Zisis Papandreou <zisis@uregina.ca>
Samuel	Patmore Samuel	sp394@kent.ac.uk		peer student
Bob	Prof Newport, Bob	Bob Newport <R.J.Newport@kent.ac.uk>
Paul	Prof P.strange	p.strange@kent.ac.uk
Kieran	Selvon Kieran	ks366@kent.ac.uk
Daniel	Smith Daniel	dtfs2@kent.ac.uk		Peer Student
spanzer	Spanzer Giffin	giffin2s@uregina.ca
stephen	Stephen Wood	saw@jlab.org
Christ	Strockdale Christopher	cpjs2@kent.ac.uk		Peer Student
shuan	Szymanski, Shaun	Shaun Szymanski <szymanss@uregina.ca>		lab instructor
tk	tk	tk218@kent.ac.uk
Bill_kent	Wenliang	wl34@kent.ac.uk
wenliang1985	Wenliang li	liwenliang19850629@gmail.com
Bill_gmail	Wenliang Li	wenliang.billlee@gmail.com
wenliangUofR	wenliang li at University of Regina	li479@uregina.ca
