accommodation	accomm	accomm <accomm@kent.ac.uk>
Garth	Dr. Garth Huber	huberg@uregina.ca
George	Dr George Dobre	G.Dobre@kent.ac.uk
Jinqi	Dr J.Miao	"J.Miao" <J.Miao@kent.ac.uk>
Dr.Barbi	Dr. Mauricio Barbi	barbi@uregina.ca
Hazel	H.Lander	"H.Lander" <H.Lander@kent.ac.uk>
Jacqui	Jacqui Lockert	Jacqui.Lockert@uregina.ca
Lee	Lee Sichello	leesichello@gmail.com		collegue, U of R
Mehrnoosh	Mehrnoosh	mehrnoosh.ta@gmail.com
chantel	Morrison, Chantel	Chantel Morrison <chantel.morrison@sasktel.sk.ca>
Samuel	Patmore Samuel	sp394@kent.ac.uk		peer student
Bob	Prof Newport, Bob	Bob Newport <R.J.Newport@kent.ac.uk>
Paul	Prof P.strange	p.strange@kent.ac.uk
Kieran	Selvon Kieran	ks366@kent.ac.uk
Daniel	Smith Daniel	dtfs2@kent.ac.uk		Peer Student
spanzer	Spanzer Giffin	giffin2s@uregina.ca
Christ	Strockdale Christopher	cpjs2@kent.ac.uk		Peer Student
tk	tk	tk218@kent.ac.uk
Bill_kent	Wenliang	wl34@kent.ac.uk
wenliang1985	Wenliang li	liwenliang19850629@gmail.com
Bill_gmail	Wenliang Li	wenliang.billlee@gmail.com
wenliangUofR	wenliang li at University of Regina	li479@uregina.ca
bill_all	all	(Bill_gmail,Bill_kent)
